Workbook

Sheet Características
O1: Motor y rendimiento | S1: Seguridad | X1: Comodidad | AB1: Tecnología
B2: N° | C2: Marca | D2: Modelo | E2: Año | F2: Versión | G2: Dueños | H2: Kilometraje | I2: Color | J2: Transmisión | K2: Precio | L2: Combustible | M2: Ubicación | N2: Estado | O2: Motor | P2: Potencia | Q2: Consumo | R2: Emisiones | S2: ABS | T2: ESP | U2: Airbags frontales | V2: Airbags laterales | W2: Control de tracción | X2: Aire acondicionado | Y2: Dirección asistida | Z2: Alzavidrios eléctricos | AA2: Espejos eléctricos | AB2: Sistema de audio | AC2: Bluetooth | AD2: USB | AE2: Control crucero | AF2: Vínculo
B3: 1 | C3: Kia | D3: Morning | E3: 2024 | F3: Full | H3: 17000 | I3: Blanco | J3: Automático | K3: 9890000 | L3: Bencina | M3: Santiago | N3: En venta | O3: 45689 | X3: Sí | AF3: https://drive.google.com/drive/folders/1mmwgd8EvOBt1t2GQm1bJzDnY2GKnzhQQ?usp=drive_link
B4: 2 | C4: Kia | D4: Sonet | E4: 2024 | F4: Full | H4: 21000 | I4: Blanco | J4: Automático | K4: 12990000 | L4: Bencina | M4: Santiago | N4: Vendido | AC4: Sí | AF4: https://drive.google.com/drive/folders/1jCYE5wva3F1aU4uKQkCw7sYpmDy0K_nH?usp=drive_link
B5: 3 | C5: Suzuki | D5: Alto | E5: 2022 | F5: 800 | H5: 20000 | I5: Palatedo | J5: Mecánico | K5: 5190000 | L5: Bencina | M5: Santiago | N5: Vendido | X5: No | Z5: Sí | AF5: https://drive.google.com/drive/folders/1-nidiR8yTLCKCfoMjOcucScjchAkg495?usp=drive_link
B6: 4 | C6: Hyundai | D6: Tucson | E6: 2018 | F6: Full | G6: 1 | H6: 173000 | I6: Burdeo | J6: Mecánico | K6: 11490000 | M6: Las Condes | N6: Vendido | X6: Sí | Z6: Sí | AF6: https://drive.google.com/drive/folders/1lBAtaI1g5eubQEjcLyIwKNZ5iFdc0if3?usp=drive_link
B7: 5 | C7: Mercedes Benz | D7: GLC | E7: 2016 | F7: 220d | G7: 2 | H7: 175000 | J7: Automático | K7: 17890000 | L7: Diesel | M7: Las Condes | N7: En venta | O7: 45690 | P7: 170 | X7: Sí | Z7: Sí | AF7: https://drive.google.com/drive/folders/1P1ogiUOsEgEg68bIAzOvs3dH4Y18oBBb?usp=drive_link
B8: 6 | C8: Toyota | D8: Avensis | E8: 2013 | H8: 222000 | I8: Blanco | J8: Automático | K8: 6490000 | L8: Bencina | M8: Las Condes | N8: En venta | O8: 2.0 | P8: 150 | X8: Sí | Z8: Sí | AF8: https://drive.google.com/drive/folders/1PWdYqothpUKCKNjqRBJqis9HTsNIQrdS?usp=drive_link
B9: 7 | C9: Chevrolet | D9: Tahoe | E9: 2018 | F9: Full | G9: 2 | H9: 150000 | I9: Blanco | J9: Automático | K9: 23990000 | M9: Las Condes | N9: En venta | P9: 355 | X9: Sí | Z9: Sí | AF9: https://drive.google.com/drive/folders/1Sv9pXx5U3AJqJNQsKHwcQ36B1i-TVKpv?usp=drive_link
B10: 8 | C10: Nissan | D10: Pathfinder | E10: 2018 | F10: Full | G10: 2 | I10: Azul metálico | J10: Automático | K10: 16990000 | M10: Santiago | N10: En venta | P10: 284 | AF10: https://drive.google.com/drive/folders/11YYQXWVNV5v3TgW80Qbq99v_vQWvmYTy?usp=drive_link
B11: 9 | C11: Ford | D11: F150 XLT | E11: 2016 | F11: Full | G11: 2 | J11: Automático | K11: 17990000 | M11: Las Condes | N11: Vendido | P11: 385 | AF11: https://drive.google.com/drive/folders/1luK3Q9bunxpYb_EDUVp-L1NrtbmEQpH-?usp=drive_link
B12: 10 | C12: Ford | D12: Fusion | E12: 2020 | F12: Híbrido | G12: 1 | J12: Automático | K12: 15550000 | L12: Eléctrico | M12: Colina | N12: En venta | O12: 2.0 | P12: 188 | AF12: https://drive.google.com/drive/folders/1Our4M7DHBcawMtz41s2_XmS-upycz-iz?usp=drive_link
B13: 11 | C13: Kia | D13: Soluto | E13: 2022 | F13: Full | G13: 2 | H13: 43000 | J13: Mecánico | K13: 8390000 | L13: Bencina | M13: Las Condes | N13: Vendido | S13: Sí | Z13: Sí | AA13: Sí | AF13: https://drive.google.com/drive/folders/1eAKrwlM-n2bf7VYuxvQBtV8aS3t8OM1Y?usp=drive_link
B14: 12 | C14: Citroen | D14: Picasso | E14: 2011 | H14: 109000 | J14: Mecánico | K14: 4490000 | L14: Bencina | M14: Santiago | N14: Vendido | O14: 45809 | S14: Sí | U14: Sí | X14: Sí | Z14: Sí | AA14: Sí | AF14: https://drive.google.com/drive/folders/1-XINa4BOKQTydfTEcdeFJ5Bb5rOApCi7?usp=drive_link
B15: 13 | C15: Subaru | D15: Forester | E15: 2019 | F15: AWD | H15: 80000 | J15: Automático | K15: 18990000 | L15: Bencina | M15: Las Condes | N15: En venta | O15: 2.0
B16: 14 | C16: Chevrolet | D16: Silverado ZR2 | E16: 2024 | F16: Full | G16: 1 | H16: 60000 | J16: Automático | K16: 47990000 | L16: Bencina | M16: Huechuraba | N16: En venta
B17: 15 | C17: Great Wall | D17: Wingle 6 Elite | E17: 2017 | F17: Full | G17: 1 | H17: 90000 | K17: 6990000 | L17: Bencina | M17: Las Condes | N17: En venta | O17: 45749
B18: 16 | C18: Nissan | D18: Pathfinder | E18: 2003 | H18: 240000 | J18: Automático | K18: 10500000 | N18: En venta | O18: 45780
B19: 17 | C19: BMW | D19: X1 | E19: 2019 | K19: 16890000 | N19: En venta
B20: 18 | C20: Nissan | D20: Sentra | E20: 2021 | K20: 13750000 | N20: En venta
B21: 19 | C21: Citroen | D21: Picasso | K21: 7790000 | N21: En venta
B22: 20 | C22: Nissan | D22: Pathfinder | E22: 1999 | K22: 9750000 | N22: En venta

Sheet Fotos
B2: N° | C2: Marca | D2: Modelo | E2: Año | F2: Frontal | G2: Lateral | H2: Posterior | I2: Tablero | J2: Asientos
B3: 1 | C3: =Características!C3 -> Kia | D3: =Características!D3 -> Morning | E3: =Características!E3 -> 2024 | F3: https://drive.google.com/file/d/1fx3QSdbXat_msLf2wy_oKTqJYthzIT5T/view?usp=drive_link | G3: https://drive.google.com/file/d/1Kxunbuf-1xueUgUlU2Mv932wYxbOW6TA/view?usp=drive_link | H3: https://drive.google.com/file/d/1XnrLP4Z566sBFn3-OPnBuvLK81Bb7WP0/view?usp=drive_link | I3: https://drive.google.com/file/d/1Y0rE4ywP4Wf0Gs8wfExraWXa-Ne9xbTi/view?usp=drive_link | J3: https://drive.google.com/file/d/1O2FhRxb5kSp2hyy4l31R3N2_AQBsEL33/view?usp=drive_link
B4: 2 | C4: =Características!C4 -> Kia | D4: =Características!D4 -> Sonet | E4: =Características!E4 -> 2024 | F4: https://drive.google.com/file/d/1dRX8rMabUY624IbqohlpVtub9Ii356yP/view?usp=drive_link | G4: https://drive.google.com/file/d/1iQPXOVuI3NLPrJlcZJKrrZMzD2941Fqn/view?usp=drive_link | H4: https://drive.google.com/file/d/13-QuTG718ih3v1xovN29n03IRRsbYx3Y/view?usp=drive_link | I4: https://drive.google.com/file/d/1j1A-i8H6t9BbsiVJt2oE3SJYodp0_CHA/view?usp=drive_link | J4: https://drive.google.com/file/d/1PQn5CcDTRSUAJ5pqzeU-LMPyY98N3pb3/view?usp=drive_link
B5: 3 | C5: =Características!C5 -> Suzuki | D5: =Características!D5 -> Alto | E5: =Características!E5 -> 2022 | F5: https://drive.google.com/file/d/1GrV0laEV8JIoNw9V685khOm0yVUBQZYV/view?usp=drive_link | G5: https://drive.google.com/file/d/1ndJEfsntEM4r6J3RwngFlFyJl5cQvsRb/view?usp=drive_link | H5: https://drive.google.com/file/d/1LryBQIZ27-M5Iky3yKEME3fEhFKrp-m0/view?usp=drive_link | I5: https://drive.google.com/file/d/1VT9h4LAY2mYojX6CTiEkayy6Rdouvtyr/view?usp=drive_link | J5: https://drive.google.com/file/d/1iAeWtcfGszJsZqghaB75A5488c96gnQX/view?usp=drive_link
B6: 4 | C6: =Características!C6 -> Hyundai | D6: =Características!D6 -> Tucson | E6: =Características!E6 -> 2018 | F6: https://drive.google.com/file/d/1LaZ7RawQiDcGtWdV4mCqLELBxwvFm_c-/view?usp=drive_link | G6: https://drive.google.com/file/d/1bOSMaoiORIx1AJxg6K0VuHu7luhYdmnd/view?usp=drive_link | H6: https://drive.google.com/file/d/1iqz9LcisWLSqIrjt8ACIcVyY56HTCKad/view?usp=drive_link | I6: https://drive.google.com/file/d/1rP9-LSA7cZvAy7WTpj7zdMgt-3OAz_Cx/view?usp=drive_link | J6: https://drive.google.com/file/d/1nPx3XLIeR5hPDqOe8paP7C1BtfxRTvNG/view?usp=drive_link
B7: 5 | C7: =Características!C7 -> Mercedes Benz | D7: =Características!D7 -> GLC | E7: =Características!E7 -> 2016 | F7: https://drive.google.com/file/d/1XkdpuB0-0gBW8qsxxMYc1cTBQB1eTtTZ/view?usp=drive_link | G7: https://drive.google.com/file/d/1i2F-3PQ7By6l2dtpTy1KCKXKY_5ntFsK/view?usp=drive_link | H7: https://drive.google.com/file/d/1Tacw34XbAIwVdsePaTdCoW01AdQdQOSm/view?usp=drive_link | I7: https://drive.google.com/file/d/1RQGj3QBg8vTVdKduBoN-y9sgOx2knmo1/view?usp=drive_link | J7: https://drive.google.com/file/d/1x86SG8SXXKwPiNna0fk0TUDaKn3y1frv/view?usp=drive_link
B8: 6 | C8: =Características!C8 -> Toyota | D8: =Características!D8 -> Avensis | E8: =Características!E8 -> 2013 | F8: https://drive.google.com/file/d/1nZSoN3tmT5vIzdN5cX7rXMAJKNkT_tG8/view?usp=drive_link | G8: https://drive.google.com/file/d/1jUPDjLGwGoCaAc6zps6knngFgU7TcxFG/view?usp=drive_link | H8: https://drive.google.com/file/d/1aiGaSPgFZzf3Z6YiG9xcbyC8smwG9BTy/view?usp=drive_link | I8: https://drive.google.com/file/d/1tE-EyR_W6iMGdGIhAUWdGQ2Sj-JInTnL/view?usp=drive_link | J8: https://drive.google.com/file/d/1-94aMpbPMyfit_L9u7__Fh0TJgw9IKQw/view?usp=drive_link
B9: 7 | C9: =Características!C9 -> Chevrolet | D9: =Características!D9 -> Tahoe | E9: =Características!E9 -> 2018 | F9: https://drive.google.com/file/d/1TqrHDlOySwdBP93Xzx2tZXW4RHIK28eP/view?usp=drive_link | G9: https://drive.google.com/file/d/1ayAIKxviWY8hQ6bLhvPkwRinXIsHvvuG/view?usp=drive_link | H9: https://drive.google.com/file/d/1QC8oynHtZKaZd4OVZSLHz1YK5jzjLynj/view?usp=drive_link | I9: https://drive.google.com/file/d/1IZxi2LTf3BYD1tWwxz1tQLfHC94YwrDM/view?usp=drive_link | J9: https://drive.google.com/file/d/1sca1LyZIb-n0m4WuDR6PlziNDO2OLu3W/view?usp=drive_link
B10: 8 | C10: =Características!C10 -> Nissan | D10: =Características!D10 -> Pathfinder | E10: =Características!E10 -> 2018 | F10: https://drive.google.com/file/d/1RzhSDb074c2yDjAeal4hGd7GhPP-9dD_/view?usp=drive_link | G10: https://drive.google.com/file/d/1aQ5qdxLBOJMQj4BMAHEr8_7DiuDR5ye9/view?usp=drive_link | H10: https://drive.google.com/file/d/1Ga4f05PSlounPvLszRCAvetsiYLfQ1A_/view?usp=drive_link | I10: https://drive.google.com/file/d/15Mexgek8IKloNUD3_iO-0htXfyg1hbX3/view?usp=drive_link | J10: https://drive.google.com/file/d/1e3qw-7n6-8HtlcJyUAizqx77Q6f5e-ui/view?usp=drive_link
B11: 9 | C11: =Características!C11 -> Ford | D11: =Características!D11 -> F150 XLT | E11: =Características!E11 -> 2016 | F11: https://drive.google.com/file/d/1gt7ptQRz0sDeeWGSsJqbf1Xtcm3hMT1o/view?usp=drive_link | G11: https://drive.google.com/file/d/1M3gbeWVbUkOcP51uTc2LSrNRhBU2JHCN/view?usp=drive_link | H11: https://drive.google.com/file/d/1CB_XJAhSNvLoVM-RhgnVYkwx5-uhNoUN/view?usp=drive_link | I11: https://drive.google.com/file/d/1JCZ09Rz7Ug_BagO0jTYxhaOdUcrwkOQQ/view?usp=drive_link | J11: https://drive.google.com/file/d/1zty4AFxSWENbDSZrHXH4ltt-NRNZMWVM/view?usp=drive_link
B12: 10 | C12: =Características!C12 -> Ford | D12: =Características!D12 -> Fusion | E12: =Características!E12 -> 2020 | F12: https://drive.google.com/file/d/1YffZP6XFy1Wqn6Ycskq3T5IKJfrzK1T0/view?usp=drive_link | G12: https://drive.google.com/file/d/13_u-3yQYCNi8X7QYSwBa062nvwLuyPdq/view?usp=drive_link | H12: https://drive.google.com/file/d/1B47dAT0aMdFCGE1-PY5r1fJ8DLNHxiuI/view?usp=drive_link | I12: https://drive.google.com/file/d/1_qklQ6lKiM2FXd0cmBz3qEv72h93_fm0/view?usp=drive_link | J12: https://drive.google.com/file/d/1q9BzSFkSjxl6yQJ-weJ7s8Jzk19Z8aRl/view?usp=drive_link
B13: 11 | C13: =Características!C13 -> Kia | D13: =Características!D13 -> Soluto | E13: =Características!E13 -> 2022 | F13: https://drive.google.com/file/d/1bEgUAQOXMBkxBqFIQLpYjSgNSMLH4V6V/view?usp=drive_link | G13: https://drive.google.com/file/d/1ljVZdJAPN_K5vng9aI8912p8WKM211NO/view?usp=drive_link | H13: https://drive.google.com/file/d/1mmmjq4J60WhyhwLMwIqfLs4DnPScM0ks/view?usp=drive_link | I13: https://drive.google.com/file/d/1CzcWqHMmFETx1QDLg6NwXG-K_0wBhrdS/view?usp=drive_link | J13: https://drive.google.com/file/d/11QYIIkWo85_qNvhWkteFBXri1txZr4Tq/view?usp=drive_link

Sheet Hoja 4
A2: =B2+1 -> 10 | B2: 9 | C2: frontal | D2: .jpg | F2: =CONCATENATE(B2,"_",C2,D2) -> 9_frontal.jpg | G2: 9_frontal.jpg
A3: =B3+1 -> 10 | B3: 9 | C3: lateral | D3: .jpg | F3: =CONCATENATE(B3,"_",C3,D3) -> 9_lateral.jpg | G3: 9_lateral.jpg
A4: =B4+1 -> 10 | B4: 9 | C4: posterior | D4: .jpg | F4: =CONCATENATE(B4,"_",C4,D4) -> 9_posterior.jpg | G4: 9_posterior.jpg
A5: =B5+1 -> 10 | B5: 9 | C5: tablero | D5: .jpg | F5: =CONCATENATE(B5,"_",C5,D5) -> 9_tablero.jpg | G5: 9_tablero.jpg
A6: =B6+1 -> 10 | B6: 9 | C6: asientos | D6: .jpg | F6: =CONCATENATE(B6,"_",C6,D6) -> 9_asientos.jpg | G6: 9_asientos.jpg
A7: =B7+1 -> 11 | B7: 10 | C7: frontal | D7: .jpg | F7: =CONCATENATE(B7,"_",C7,D7) -> 10_frontal.jpg | G7: 10_frontal.jpg
A8: =B8+1 -> 11 | B8: 10 | C8: lateral | D8: .jpg | F8: =CONCATENATE(B8,"_",C8,D8) -> 10_lateral.jpg | G8: 10_lateral.jpg
A9: =B9+1 -> 11 | B9: 10 | C9: posterior | D9: .jpg | F9: =CONCATENATE(B9,"_",C9,D9) -> 10_posterior.jpg | G9: 10_posterior.jpg
A10: =B10+1 -> 11 | B10: 10 | C10: tablero | D10: .jpg | F10: =CONCATENATE(B10,"_",C10,D10) -> 10_tablero.jpg | G10: 10_tablero.jpg
A11: =B11+1 -> 11 | B11: 10 | C11: asientos | D11: .jpg | F11: =CONCATENATE(B11,"_",C11,D11) -> 10_asientos.jpg | G11: 10_asientos.jpg
A12: =B12+1 -> 12 | B12: 11 | C12: frontal | D12: .jpg | F12: =CONCATENATE(B12,"_",C12,D12) -> 11_frontal.jpg | G12: 11_frontal.jpg
A13: =B13+1 -> 12 | B13: 11 | C13: lateral | D13: .jpg | F13: =CONCATENATE(B13,"_",C13,D13) -> 11_lateral.jpg | G13: 11_lateral.jpg
... A16: =B16+1 -> 12 | B16: 11 | C16: asientos | D16: .jpg | F16: =CONCATENATE(B16,"_",C16,D16) -> 11_asientos.jpg | G16: 11_asientos.jpg
